agg_c100,agg_se100,N_100,agg_c99,agg_se99,N_99,agg_c975,agg_se975,N_975
-4.545997,.3522344,7212,-4.493196,.3929943,5102,-3.290859,.468462,3482
